은행,상품명,기본금리(단리자유 %),"최고금리(우대금리포함, 단리자유 %)",은행 최종제공일,만기 후 금리,가입방법,우대조건,가입 제한조건,가입대상,기타 유의사항,최고한도,전월취급평균금리(만기 12개월 기준),
KDB산업은행,KDB 자유적금,2.45,2.45,2025-02-10,"* 만기후 1년 이내 : 만기일 현재 고시된 일반 정기적금 해당예금기간 기본이율의 1/2
* 만기후 1년 초과 : 만기일 현재 고시된 보통예금 이율","영업점,인터넷뱅킹,스마트뱅킹",해당없음,제한없음,"개인, 개인사업자, 임의단체",해당없음,"5,000,000원",3.23,
NH농협은행,NH고향사랑기부적금,3.10,3.90,2025-02-12,"만기후 1년 이내 : 만기시점 계약기간별 기본금리의 1/2
만기후 1년 초과 : 보통예금 금리","영업점,인터넷뱅킹,스마트뱅킹","1. 고향사랑기부금 납부고객 우대 : 0.5%p

2-1. 만 65세 이상 고령자 우대 : 0.1%p
2-2. 만 19~34세 MZ고객 우대 : 0.3%p

3. 고향사랑특별금리 : 0.1%p(금리시장상황에 따라 변동 가능)
 - 고향사랑특별금리는 상품 가입고객 모두에게 적용",제한없음,q rkat,"1.초입금1만원 이상 및 매회 1천원 이상, 매월50만원이내

2. 고향사랑기부금 우대금리는 농협은행/농축협 영업점 또는 고향사랑e음 홈페이지를 통한 고향사랑기부금 납부실적이 확인되는 경우 제공

3. 연간 판매액의 0.1% 공익기금 적립

※자세한 사항은 상품설명서 참조","500,000원",3.26,
NH농협은행,NH내가Green초록세상적금,2.80,3.80,2025-02-12,"만기후 1년 이내 : 만기시점 계약기간별 기본금리의 1/2
만기후 1년 초과 : 보통예금 금리","영업점,인터넷뱅킹,스마트뱅킹","※ 우대금리 최대한도 : 1.0%p(연%, 세전)
1. 온실가스 줄이기 실천서약서 동의 : 0.1%p
2. 통장미발급 : 0.3%p
3. 손하나로인증 서비스 등록 : 0.2%p
4. 대중교통이용 : 0.2%p
5. NH내가Green초록세상예금 동시 보유 : 0.2%p",제한없음,개인,"초입금5만원 이상 및 매회 1만원 이상, 매월50만원이내
(단, 만기일 전 3개월 이내에는 이전 적립금 합계액을 초과하여 입금불가)

※자세한 사항은 상품설명서 참조","500,000원",3.22,
신한은행,신한 알.쏠 적금,2.80,4.10,2025-01-20,"-1개월 이하:(일반) 정기적금 기본금리 1/2
(단, 최저금리 0.10%)
-1개월 초과~6개월 이하: (일반) 정기적금 기본금리의 1/4
(단, 최저금리 0.10%)
-6개월 초과 0.10%","영업점,스마트뱅킹","※가산금리 최고 연 1.30%
- 소득이체 : 연 0.6%
- 카드이용 : 연 0.3%
- 오픈뱅킹 : 연 0.6%
- 청약보유 : 연 0.3%
- 마케팅동의 : 연 0.1%
※ 우대금리 항목별 자세한 적용 조건은 상품설명서 참조",제한없음,제한없음,"1. 가입한도: 
월300만원 이하
2. 1인 다계좌","3,000,000원",2.86,
우리은행,우리SUPER주거래적금,2.60,4.00,2025-01-20,"만기 후
- 1개월이내 : 만기시점약정이율×50%
- 1개월초과 6개월이내: 만기시점약정이율×30%
- 6개월초과 : 만기시점약정이율×20%

※ 만기시점 약정이율 : 일반정기적금 금리","영업점,인터넷뱅킹,스마트뱅킹,전화(텔레뱅킹)","1. 거래실적 인정기간 동안 우리은행 입출식 계좌에서 아래 각 항목별 실적이 있는 월 수가 계약기간의 1/2이상인 경우
가. 급여/연금 이체 : 연 0.7%p
나. 공과금 자동이체 출금 실적 : 0.3%p
다. 우리카드사 신용/체크카드 결제금액 10만원 이상 출금 : 연 0.3%p
2. 우리은행 상품서비스 마케팅 동의 항목 중 전화(휴대폰) 및 SMS항목을 모두 동의한 후 만기해지시점까지 유지 : 연 0.1%p
3. 이 상품 가입 시 금리우대쿠폰을 적용한 경우",제한없음,실명의 개인,"1. 가입기간 : 1년/2년/3년
2. 가입금액 : 월 50만원 이내",,2.68,
우리은행,WON적금,3.40,3.60,2025-01-20,"만기 후
- 1개월이내 : 만기시점약정이율×50%
- 1개월초과 6개월이내: 만기시점약정이율×30%
- 6개월초과 : 만기시점약정이율×20%

※ 만기시점 약정이율 : 일반정기적금 금리","스마트뱅킹,전화(텔레뱅킹)","1. 아래 각 항(가, 나)의 조건을 충족하는 경우 합산 최대 연 0.2%p 우대
가. 이 적금을 우리꿈통장, WON통장에 연결하여 가입하는 경우 : 0.1%p
나. 우리 오픈뱅킹 서비스에 타행계좌가 등록되어 있는 경우 : 연 0.1%p",제한없음,실명의 개인,"1. 가입기간 : 1년
2. 가입금액 : 월 50만원 이내",,3.53,
SC제일은행,퍼스트가계적금,2.95,2.95,2025-01-20,"만기 후 1개월: 약정이율의 50%
만기 후 1개월 초과 1년 이내: 약정이율의 30%
만기 후 1년 초과: 약정이율의 10%","영업점,인터넷뱅킹,스마트뱅킹",없음,제한없음,개인(개인사업자 포함),해당없음,"10,000,000원",3.26,
하나은행,내맘적금,2.10,2.60,2025-01-20,"1개월 이내 : 지급당시 해당기간별 일반정기적금 기본금리 1/2
1개월 초과 : 지급당시 해당기간별 일반정기적금 기본금리 1/4","영업점,인터넷뱅킹,스마트뱅킹,전화(텔레뱅킹)",하나은행 통장에서 계약기간의 1/2이상 월부금 자동이체실적 충족 시 연 0.50%,제한없음,"실명의 개인
또는 개인사업자(1인 다계좌 가능)","1. 1인 다계좌 가능
2. 가입금액
   - 1천원 이상~1,000만원 이하(원단위)
3. 적립한도
    - 자유적립식 : 매월 1원 이상~1,000만원 이하(원단위)
    - 정액적립식 : 매월 1천원 이상~1,000만원 이하(원단위)","10,000,000원",2.73,
IBK기업은행,"IBK중기근로자우대적금
(자유적립식)",3.00,5.20,2025-01-20,"만기일 당시 정기적금 만기후금리 적용
- 1개월 이내: 만기일 당시 약정금리x50%
- 1월 초과 6개월 이내: 만기일 당시 약정금리x30%
- 6개월 초과: 만기일 당시 약정금리x20%","영업점,스마트뱅킹","최고 연 2.20%p
1. 가입시점 중소기업 근로자로 확인된 경우 : 재직기간에 따라 최고 연 1.2%p
2. 당행 급여이체 실적(월50만원 이상) 6개월 이상
   인 경우 : 연 1.0%p",기타제한,"중소기업에서 근무하는
실명의 개인
(개인사업자 제외)","1인당 1계좌 가입 가능하며, 계좌당 100만원까지 납입 가능","1,000,000원",3.50,
IBK기업은행,IBK탄소제로적금(자유적립식),2.50,4.50,2025-01-20,"만기일 당시 정기적금 만기후금리 적용
- 1개월 이내: 만기일 당시 약정금리x50%
- 1월 초과 6개월 이내: 만기일 당시 약정금리x30%
- 6개월 초과: 만기일 당시 약정금리x20%",스마트뱅킹,"최고 연 2.00%p
1. 에너지 절감 우대금리 : 최대 연 1.00%p
2. 최초거래고객 우대금리 : 연 0.50%p
3. 지로 또는 공과금 자동이체 우대금리 : 연 0.50%p",제한없음,"실명의 개인
(개인사업자 제외)","1인당 1계좌 가입 가능하며, 계좌당 최소 1만원 이상 1백만원까지 납입 가능","1,000,000원",2.51,
IBK기업은행,IBK D-day적금(자유적립식),3.30,4.80,2025-01-20,"만기일 당시 정기적금 만기후금리 적용
- 1개월 이내: 만기일 당시 약정금리x50%
- 1월 초과 6개월 이내: 만기일 당시 약정금리x30%
- 6개월 초과: 만기일 당시 약정금리x20%",스마트뱅킹,"최고 연 1.5%p
1. 목표달성 축하금리 : 연 1.0%p
  - 당행 입출금식 계좌에서 이 적금으로 자동이체를 통해 3회 이상 납입하고 만기일 전일까지 목표금액(신규 시 직접 설정) 이상 납입하는 경우
2. 최초거래고객 우대금리 : 연 0.5%p",제한없음,"실명의 개인
(개인사업자 제외)","1인당 3계좌 가입 가능하며, 계좌당 20만원 이내 납입 가능","600,000원",3.43,
KB국민은행,KB맑은하늘적금,2.45,3.25,2025-01-20,"- 1개월 이내 : 기본이율 X 50%
- 1개월 초과  ~ 3개월 이내 : 기본이율 X 30%
- 3개월 초과 : 0.1%","영업점,인터넷뱅킹,스마트뱅킹","맑은하늘을 위한 미션별 제공조건을 달성하는 경우 각 미션별 우대이율 제공
 - 1년제 최고 연 0.8%p, 2년제 최고 연 0.9%p, 3년제 최고 연 1.0%p
① 종이통장 줄이기 미션: 연 0.1%p
② 종이서식 줄이기 미션: 연 0.2%p
③ 대중교통 미션: 1년제 연 0.4%p, 2년제 연 0.5%p, 3년제 연 0.6%p
④ 퀴즈미션: 연 0.1%p",제한없음,실명의 개인,"공동명의 불가
(1인 최대 3계좌)",,2.78,
Sh수협은행,"Sh해양플라스틱Zero!적금
(자유적립식)",3.15,3.65,2025-01-20,"* 만기후 1년 이내
 - 만기당시 상호부금 
계약기간별 기본금리 1/2
* 만기후 1년 초과
 - 만기당시 보통예금 기본금리","영업점,인터넷뱅킹,스마트뱅킹","* 최대우대금리:0.5%
1. 해양플라스틱감축서약 : 0.1% (신규시) 
2. 봉사활동 또는 상품홍보 : 0.2% (만기시) 
3. 입출금통장 최초신규 : 0.2% (만기시)
4. 자동이체 출금실적 : 0.2% (만기시)
 - 수협신용카드 / 당행 펀드 / 수협체크카드
※단위:연%p",제한없음,실명의 개인,"- 1인 1계좌 
- 월 가입한도 : 20만원","200,000원",3.25,
iM뱅크(구 대구은행),iM스마트적금,3.05,3.50,2025-01-20,"만기 후 1개월 미만 경과: 약정이자율 x 50%
만기 후 3개월 미만 경과: 약정이자율 x 25%
만기 후 3개월 이상 경과: 약정이자율 x 10%","인터넷뱅킹,스마트뱅킹","* 최고우대금리 : 연0.45%p
- 가입일로부터 3개월 이내 1가지 이상 요건 충족시 : 연0.20%p
① 당행 주택청약종합저축 보유
② 당행 신용(체크)카드 결제실적 보유(결제금액 출금기준)
- 전체 계약월수 중 1/2이상 당행 계좌에서 자동이체 납입 시 : 연0.20%p
* 해당 상품을 인터넷/모바일뱅킹을 통해 가입 : 연0.05%p",제한없음,실명의 개인,1계좌당 가입한도 : 월 100만원(최저 5만원 이상),"1,000,000원",3.15,
iM뱅크(구 대구은행),내가만든 보너스적금,3.40,4.20,2025-01-20,"만기 후 1개월 미만 경과: 약정이자율 x 50%
만기 후 3개월 미만 경과: 약정이자율 x 25%
만기 후 3개월 이상 경과: 약정이자율 x 10%","영업점,인터넷뱅킹,스마트뱅킹","* 최고우대금리 : 연0.80%p
 - 인터넷/모바일뱅킹으로 신규 : 연0.20%p
 - 상품 가입 전 마케팅활용[개인(신용)정보수집이용동의] 전체 동의 : 연0.20%p
<계약기간 1년인 경우 만기일 기준>
 - 당행 계좌로 자동이체 8회 이상 입금 : 연0.20%p
 - 원금합계 100만원 이상 : 연0.10%p 또는 원금합계 200만원 이상 : 연0.20%p",제한없음,실명의 개인,"1계좌당 가입한도 : 월20만원
(최저 1만원 이상)","200,000원",3.77,
iM뱅크(구 대구은행),내가만든 보너스적금,3.40,4.20,2024-12-11,"만기 후 1개월 미만 경과: 약정이자율 x 50%
만기 후 3개월 미만 경과: 약정이자율 x 25%
만기 후 3개월 이상 경과: 약정이자율 x 10%","영업점,인터넷뱅킹,스마트뱅킹","* 최고우대금리 : 연0.80%p
 - 인터넷모바일뱅킹으로 신규 : 연0.20%p
 상품 가입 전 마케팅활용[개인(신용)정보수집이용동의] 전체 동의 : 연0.20%p
계약기간 1년인 경우 만기일 기준
 - 당행 계좌로 자동이체 8회 이상 입금 : 연0.20%p
 - 원금합계 100만원 이상 :연0.10%p 또는 원금합계 200만원 이상 :연0.20%p",제한없음,실명의 개인,"1계좌당 가입한도 : 월20만원
(최저 1만원 이상)","200,000원",3.93,
iM뱅크(구 대구은행),영플러스적금,3.26,3.81,2025-01-20,"만기 후 1개월 미만 경과: 약정이자율 x 50%
만기 후 3개월 미만 경과: 약정이자율 x 25%
만기 후 3개월 이상 경과: 약정이자율 x 10%","영업점,인터넷뱅킹,스마트뱅킹","* 최고우대금리 : 연0.55%p
- 상품 가입 전 영플러스통장 보유 또는 재예치일 기준 영플러스통장 전월 평잔 10만원 이상 : 연0.10%p
- 예금기간 중 입금횟수 10회 이상 : 연0.10%p
- 입학 및 졸업 축하금리 : 연0.30%p
* 해당 상품을 인터넷/모바일뱅킹을 통해 가입 : 연0.05%p",기타제한,만 29세 이하 실명의 개인,1계좌당 가입한도 : 월 50만원(최저 1만원 이상),"500,000원",3.47,
BNK부산은행,"부산이라 좋다
Big적금",2.80,5.00,2025-01-20,"- 만기후 1년이내:가입기간별 일반정기적금 기본이율 x 50%
- 만기후 1년초과:가입기간별 일반정기적금 기본이율 x 20%",스마트뱅킹,"*우대이율 6개월 미만 최대2.00%, 6개월 이상 2.20%",제한없음,실명의 개인고객(1인 1계좌),"1. 가입한도: 월 1천원 이상 100만원 이하 원단위
2. 자유적립식","1,000,000원",2.80,
BNK부산은행,"저탄소 실천
적금",2.75,3.25,2025-01-20,"- 만기후 1년이내:가입기간별 일반정기적금 기본이율 x 50%
- 만기후 1년초과:가입기간별 일반정기적금 기본이율 x 20%","영업점,인터넷뱅킹,스마트뱅킹","조건 달성여부에 따라 우대금리 적용
*개인형 우대이율: 최대0.5%
*기업형(개인사업자 및 법인)우대이율: 최대0.4%",제한없음,제한없음,"1. 가입한도: 월 1만원 이상 1천만원 이하 원단위 (월 1천만원 이하 불입 가능)
2. 자유적립식","10,000,000원",2.87,
BNK부산은행,"BNK내맘대로 
적금",2.75,2.95,2025-01-20,"- 만기후 1년이내:가입기간별 일반정기적금 기본이율 x 50%
- 만기후 1년초과:가입기간별 일반정기적금 기본이율 x 20%","영업점,인터넷뱅킹,스마트뱅킹","*우대이율 최대 0.2%
- 신규시 우대이율 0.05% 및 해지시 우대이율 최대 0.15%",제한없음,제한없음,"1. 가입금액 :
   1천원 이상
2. 가입기간 : 
6개월 이상 60개월 이하(일단위)",,2.79,
BNK부산은행,BNK아기천사적금,2.00,8.00,2025-01-20,"- 만기후 1년이내:가입기간별 일반정기적금 기본이율 x 50%
- 만기후 1년초과:가입기간별 일반정기적금 기본이율 x 20%",스마트뱅킹,*우대이율 최대 6.00%,제한없음,실명의 개인고객(1인 1계좌),"1. 가입한도: 월 1만원 이상 30만원 이하 원단위
2.자유적립식","300,000원",2.08,
광주은행,VIP플러스적금,2.80,3.30,2025-01-20,"*만기후 1개월 이내: 만기일 당시 최초 가입 기간별 고시금리의 1/2 
*만기후 1개월 초과: 0.1%","영업점,인터넷뱅킹,스마트뱅킹","▶ 최고우대금리 0.50%p  
①이 예금가입시 VIP고객이거나 가입일 이후부터 만기일전일까지 VIP고객에 선정된 경험이 있는 경우 : 0.3%p 
②이 예금 가입일에 정기예금 500만원이상(만기 1년이상) 가입하고 만기일 전일까지 유지한 경우 : 0.2%p",제한없음,실명의 개인,"1. 가입기간 : 1년제
2. 가입금액 : 월10만원 이상 5백만원 이하 (1인1계좌)","5,000,000원",3.31,
광주은행,해피라이프_여행스케치적금V,2.60,3.80,2025-01-20,"*만기후 1개월 이내: 만기일 당시 최초 가입 기간별 고시금리의 1/2 
*만기후 1개월 초과: 0.1%","영업점,스마트뱅킹","▶ 최고우대금리 1.20%p  
①해피라이프_여행스케치외화적금V 동일자가입 0.5%p 
②해지원금 기준 500만원이상 : 최고0.2%p
③신용(체크)카드사용실적300만원이상:최고 0.3%p
④개인(신용)정보 동의: 0.2%p",제한없음,"제한없음(단,국가및지방자치단체제외)","1. 가입기간 : 6개월이상 3년제
2. 가입금액 : 월5만원 이상 5백만원 이하 (1인1계좌)","5,000,000원",2.97,
광주은행,여행스케치_남도투어적금,2.60,4.50,2025-01-20,"만기후 1개월 이내: 만기일 당시 최초 가입 기간별 고시금리의 1/2 
만기후 1개월 초과: 0.1%","영업점,스마트뱅킹","▶ 최고우대금리 1.9%p 
①예금가입일~만기일전일까지 당행이선정한 전라남도 관광지 방문 인증시 : 최고 1.5%p
②신용(체크)카드사용실적300만원이상:최고 0.3%p
③개인(신용)정보 동의: 0.1%p",제한없음,만14세이상 개인 및 개인사업자,"1. 가입기간 :12개월제,18개월제
2. 가입금액 : 월 5만원 이상 1백만원 이하 (1인1계좌)
※ 18개월 정액식 기본금리 3.3%, 최고금리 5.2%","1,000,000원",2.90,
제주은행,jbank 저금통적금,3.05,5.15,2025-01-20,"- 만기후 1개월 이내 : (일반)정기적금 기본이자율의 50%
(단, 최저금리 0.1%)
- 만기후 1개월 초과 3개월 이내 : (일반)정기적금 기본이자율의 25%
(단, 최저금리 0.1%)
- 만기후 3개월 초과 : 0.1%","인터넷뱅킹,스마트뱅킹","* 거래조건에 따라 최고 2.1%p 우대금리 적용
① 자투리 출금계좌 평잔 50만원 이상 유지 : 0.8%p
② 첫거래고객 or JBANK저금통적금 1개월 내 재신규 : 0.5%p
③ 신규가입 시점에서 적금 목표금액 최소 30만원 이상 설정하고, 적금 신규일로부터 3개월 내 잔액이 목표금액 이상인 경우 :0.5%p
④ 추천인 우대금리 : 0.30%p",제한없음,개인 및 개인사업자,월 납입한도 50만원 이하,"500,000원",3.53,
제주은행,탐이나요적금,2.10,4.80,2025-01-20,"- 만기후 1개월 이내 : (일반)정기적금 기본이자율의 50%
(단, 최저금리 0.1%)
- 만기후 1개월 초과 3개월 이내 : (일반)정기적금 기본이자율의 25%
(단, 최저금리 0.1%)
- 만기후 3개월 초과 : 0.1%","인터넷뱅킹,스마트뱅킹","우대요건 충족시 최고 2.7%p 추가 우대(만기시 제공)매월 JBANK로그인 시 0.2%,한 가지라도 수행시 2.5% 제공①추천인 코드로 3명 이상 가입시 ②탐나는전 체크카드 월30만원 이상 사용 유지 ③탐나는전 선불카드 충전계좌를 당행 입출금계좌로 등록 후 평잔 50만원 이상 유지 시",제한없음,개인 및 개인사업자,월 납입한도 100만원 이하,"1,000,000원",2.27,
제주은행,MZ 플랜적금,3.40,5.40,2025-01-20,"- 만기후 1개월 이내 : (일반)정기적금 기본이자율의 50%
(단, 최저금리 0.1%)
- 만기후 1개월 초과 3개월 이내 : (일반)정기적금 기본이자율의 25%
(단, 최저금리 0.1%)
- 만기후 3개월 초과 : 0.1%","영업점,인터넷뱅킹,스마트뱅킹","①매월 1회이상 지속적 납입시:1년제: 0.50%
② 목표 금액 달성:0.50%
③ 신용카드,체크카드 합산 사용액 월10만원 이상 사용: 0.50%
* 청년이니까응원합니다 이벤트 : 0.50%",제한없음,개인 및 개인사업자,월 납입한도 30만원 이하,"300,000원",4.08,
전북은행,JB 다이렉트적금(자유적립식),3.25,3.35,2025-01-20,"√만기후 1개월이내 경과분 : 만기일 현재 계약기간별 정기적금(자유적립식) 실행이율의 1/2
√만기후 1개월초과 경과분 : 연 0.1%","인터넷뱅킹,스마트뱅킹","추가우대금리 :
당행 계좌간 자동이체를 통해 이 예금으로 자동이체 된 금액에 0.1% 금리 우대",제한없음,실명의 개인 및 개인사업자(임의단체 제외),"1. 초회불입금 1만원이상, 1인당 월별 최고 1천만원이내
2. 만기직전 1개월간 적립합계는 이전기간 적립금액을 초과할 수 없음
3. 인터넷뱅킹/스마트폰뱅킹 가입상품","10,000,000원",3.30,
BNK경남은행,BNK 위더스자유적금,2.30,4.80,2025-01-20,"만기후 1개월 이내: 일반정기예금 기본이율의 50%
만기후 1개월 초과: 일반정기예금 기본이율의 20%","영업점,인터넷뱅킹,스마트뱅킹,기타","①ESG 실천 우대금리 0.50%
②신규고객 우대금리 0.50%
- 당행 1년 이내예적금(청약포함)신규해지 이력미보유
③공동가입우대금리 1.50%",제한없음,실명의 개인 및 개인사업자,"1.계약기간은 1개월 이상 36개월 이하 월단위로 한다.
2..1인 1계좌로 가입가능
2.매월 최소 1만원 이상, 최고 월 100만원 이하 (천원 단위)","1,000,000원",2.55,
BNK경남은행,BNK더조은자유적금,3.45,4.15,2025-01-20,"만기후 1개월 이내: 일반정기예금 기본이율의 50%
만기후 1개월 초과: 일반정기예금 기본이율의 20%","인터넷뱅킹,스마트뱅킹","①오픈뱅킹서비스 가입 0.20%(만기까지 유지)
②당행 입출금통장에서 자동이체시 입금건별 0.20%
③이 상품 신규시 금리우대쿠폰을 등록할 경우 0.30%",제한없음,"거래대상자는 제한을 두지 아니한다. 다만, 국가 및 지방자치단체는 이 예금을 거래할 수 없다.","1. 계약기간은 6개월 이상 2년 이내 월단위로 한다.
2. 초입금 1만원 이상 월별 500만원 이내에서 자유롭게 저축
3. 최대 저축횟수는 999회 이내","5,000,000원",3.63,
케이뱅크,코드K 자유적금,3.70,3.70,2025-01-21,"만기 후 
- 1개월 이내: 만기시점 기본금리 X 50% 
- 1개월 초과 ~ 6개월 이내: 만기시점 기본금리 X 30%
- 6개월 초과: 연 0.20%",스마트뱅킹,금리우대 코드를 입력하는 경우 우대금리 적용,제한없음,만 17세 이상 실명의 개인 및 개인사업자,"가입금액: 1만원 이상 30만원 이하
가입기간: 6개월, 1년, 2년, 3년 
(1인 최대 15계좌)","300,000원",3.80,
케이뱅크,주거래우대 자유적금,3.60,4.20,2025-01-21,"만기 후 
- 1개월 이내: 만기시점 기본금리 X 50% 
- 1개월 초과 ~ 6개월 이내: 만기시점 기본금리 X 30%
- 6개월 초과: 연 0.20%",스마트뱅킹,"급여이체 또는 통신비 자동이체, 체크카드 고객에게 우대금리 제공 (최고 연 0.6%)",제한없음,만 17세 이상 실명의 개인 및 개인사업자,"가입금액: 1천원 이상 300만원 이하
가입기간: 6개월 ~ 36개월
(1인 최대 3계좌)","3,000,000원",3.70,
카카오뱅크,카카오뱅크 자유적금,3.50,3.70,2025-01-20,"- 만기 후 1개월 이내 : 가입(또는 자동연장)시점 기본금리x50%
- 만기 후 1개월초과 3개월 이내 : 가입(또는 자동연장)시점 기본금리x30%
- 만기 후 3개월 초과 : 0.20%",스마트뱅킹,"자동이체시 우대금리 제공 : 연 0.20%p
 - 제공조건 : 전체 계약월수의 1/2이상을 자동이체로 납입하고 만기 해지하는 경우
 - 유의사항 : 만기 자동연장된 원리금은 우대금리를 제공하지 않음",제한없음,만 17세 이상의 실명의 개인,"1. 가입방법 : 스마트폰
2. 가입금액 : 1천원 이상(원단위)
3. 가입기간 : 6개월 이상 ~ 36개월 이하(월, 일단위 지정 가능)
4. 월 적립한도 : 1천원 이상 월 300만원 이하 원단위(단, 자동연장된 원리금은 월 적립한도에 포함되지 않음)",,3.50,
토스뱅크,토스뱅크 아이 적금,3.00,5.50,2025-01-20,"· 만기 후 1개월 이내 : 만기시점 기본금리 X 50% 
· 만기 후 1개월 초과 3개월 이내 : 만기시점 기본금리 X 20% 
· 만기 후 3개월 초과 : 연 0.10%",스마트뱅킹,· 적금 가입 시 설정되는 월 단위 자동이체를 모두 성공하는 경우 : 연 2.50% 제공,기타제한,· 토스뱅크 아이 통장을 보유한 15세 이하 실명의 개인,"· 1인 1계좌 
· 가입금액 : 0원
· 우대금리는 만기 해지하는 경우에만 제공됨","200,000원",3.00,
토스뱅크,토스뱅크 자유 적금,3.00,3.50,2025-01-20,"· 만기 후 1개월 이내 : 만기시점 기본금리 X 50% 
· 만기 후 1개월 초과 3개월 이내 : 만기시점 기본금리 X 20% 
· 만기 후 3개월 초과 : 연 0.10%",스마트뱅킹,· 적금 가입 시 설정되는 월 단위 자동이체를 모두 성공하는 경우 : 연 0.50% 제공,제한없음,· 토스뱅크 통장 또는 토스뱅크 서브 통장을 보유한 실명의 개인,"· 1인 1계좌 (단, 이벤트 등으로 토스뱅크가 복수의 계좌개설을 허용하는 경우 추가 개설 가능)
· 가입금액 : 0원 이상 300만원 이하
· 우대금리는 만기 해지하는 경우에만 제공됨","3,000,000원",3.00,
,,,,,,,,,,,,,
